url,url_length,domain_length,num_subdomains,num_dots,num_hyphens,num_digits,num_special_chars,has_at_symbol,is_ip_address,is_https,suspicious_keyword_count,domain_entropy,is_shortener,query_param_count,path_length,label
https://www.google.com,22,14,1,2,0,0,3,0,0,1,0,2.32,0,0,0,0
https://github.com/torvalds/linux,33,10,0,1,0,0,4,0,0,1,0,2.72,0,0,15,0
https://en.wikipedia.org/wiki/Main_Page,39,16,1,2,0,0,4,0,0,1,0,2.85,0,0,15,0
https://docs.python.org/3/library/,34,15,1,2,0,0,4,0,0,1,0,2.58,0,0,11,0
https://www.microsoft.com/en-us/,32,17,1,2,1,0,4,0,0,1,0,2.69,0,0,7,0
https://apple.com/shop/buy-iphone,32,9,0,1,1,0,4,0,0,1,0,2.52,0,0,15,0
https://www.amazon.com/gp/bestsellers,36,14,1,2,0,0,4,0,0,1,0,2.41,0,0,14,0
https://developer.mozilla.org/en-US/,36,21,1,2,1,0,4,0,0,1,0,2.78,0,0,7,0
https://stackoverflow.com/questions,35,17,0,1,0,0,4,0,0,1,0,2.83,0,0,10,0
https://news.ycombinator.com/item?id=1234,41,18,1,2,0,4,5,0,0,1,0,2.94,0,1,5,0
http://paypal-security-verification.xyz/login/verify.php?token=92841,68,31,0,2,2,6,6,0,0,0,3,3.84,0,1,18,1
http://192.168.1.100/auth/bankofamerica/secure-login.html,55,13,0,3,1,7,6,0,1,0,3,2.45,0,0,34,1
http://bit.ly/secure-login-39281,31,6,0,1,2,5,3,0,0,0,2,2.25,1,0,17,1
http://apple-id-verify-account.top/manage/signin.php,51,26,0,1,3,0,4,0,0,0,4,3.71,0,0,17,1
http://accounts-google-security-update.com/recovery,50,34,0,1,3,0,3,0,0,0,3,3.62,0,0,9,1
http://chase-online-banking-access.click/auth/login.jsp?id=99,60,33,0,1,3,2,5,0,0,0,4,3.58,0,1,15,1
http://netflix-billing-suspended.gq/login?user=victim@test.com,58,28,0,1,2,0,6,1,0,0,2,3.48,0,1,6,1
http://wellsfargo-secure-auth.club/customer/signin,47,26,0,1,2,0,3,0,0,0,3,3.51,0,0,16,1
http://amazon-prime-renewal-reward.top/claim/order,48,31,0,1,3,0,3,0,0,0,2,3.69,0,0,12,1
http://crypto-metamask-seedphrase-restore.bid/connect,52,36,0,1,3,0,3,0,0,0,2,3.75,0,0,8,1
https://www.reddit.com/r/programming,36,14,1,2,0,0,4,0,0,1,0,2.52,0,0,14,0
https://gitlab.com/explore/projects,34,10,0,1,0,0,4,0,0,1,0,2.65,0,0,16,0
https://www.linkedin.com/feed/,29,16,1,2,0,0,4,0,0,1,0,2.58,0,0,6,0
http://paypal.com.account-update.xyz/verify,42,28,2,3,1,0,3,0,0,0,3,3.65,0,0,7,1
http://facebook-security-checkpoints.work/checkpoint/login.php,60,32,0,1,2,0,4,0,0,0,3,3.72,0,0,20,1
https://pypi.org/project/scikit-learn/,38,8,0,1,1,0,4,0,0,1,0,2.15,0,0,22,0
https://fastapi.tiangolo.com/tutorial/,38,19,0,1,0,0,4,0,0,1,0,2.69,0,0,11,0
http://online-microsoft-365-login.tk/auth,40,29,0,1,3,3,3,0,0,0,2,3.54,0,0,5,1
http://ebay-resolution-center-dispute.men/case/view?id=4928,57,33,0,1,3,4,5,0,0,0,2,3.61,0,1,10,1
https://developer.apple.com/documentation/,42,19,1,2,0,0,4,0,0,1,0,2.71,0,0,15,0
